Headlines,negative,positive,neutral,overall
"Panic buying, food shortages: Shanghai residents frustrated by prolonged lockdowns",0.542,0.0,0.458,-0.8074
"Live: Open to India mediating in Ukraine crisis, Russia says",0.313,0.0,0.687,-0.6249
Do you know if your SIP is really an SIP? Here's why it matters,0.0,0.078,0.922,0.0258
GST collections at record high of Rs 1.42 lakh cr in March,0.0,0.0,1.0,0.0
Russia offers oil to India with big discount at pre-war price,0.0,0.0,1.0,0.0
Gambhir hugged me and said 'well played': Ayush Badoni,0.0,0.407,0.593,0.5859
How 4 brothers broke Sri Lanka's economy in just 2 years,0.259,0.0,0.741,-0.4215
Why you may be vaccinated but still not fully safe,0.276,0.0,0.724,-0.5321
OnePlus Bullets Wireless Z2: Buyer’s guide to the new affordable earphones,0.0,0.0,1.0,0.0
All about India-Australia education ties,0.0,0.0,1.0,0.0
New month calls for new offers!,0.0,0.0,1.0,0.0
A guaranteed income plan taxpayers will love!,0.0,0.473,0.527,0.6696
Karnataka mulls making mask usage optional,0.0,0.0,1.0,0.0
Star ratings & what they mean for your bills & more,0.0,0.0,1.0,0.0
"Blackouts, shortages hit Sri Lanka recovery hopes",0.17,0.298,0.532,0.296
Apple releases iOS 15.4.1 to fix battery drain issues,0.0,0.0,1.0,0.0
"Watch: Food delivery executive thrashes girl, video goes viral",0.0,0.0,1.0,0.0
"Shocking! Adult film actress killed, body chopped into pieces",0.517,0.0,0.483,-0.8172
Malaika trolled for wearing plunging neckline outfit,0.0,0.0,1.0,0.0
CCTV: Hindu activists threaten hotel staff not to serve halal food in Karnataka's Bhadravathi,0.167,0.0,0.833,-0.3818
Jatamansi boosts men's hair quality: Here's how,0.0,0.277,0.723,0.3182
Tips to make hybrid work more productive,0.0,0.0,1.0,0.0
'Lying is his profession. It's not a sin' — Making of Vladmir Putin,0.222,0.191,0.587,-0.122
How the world's most polluted city is choking itself,0.473,0.0,0.527,-0.7425
"Coming in 2023, every IPL match worth Rs 121 crore in media right alone?",0.126,0.119,0.755,-0.0258
Malaika gets trolled for her wrap dress,0.0,0.0,1.0,0.0
Randhir speaks out: I have NO dementia,0.37,0.0,0.63,-0.4466
SRK is part of crossword puzzle in US newspaper,0.0,0.0,1.0,0.0
Yami's chic looks from ‘Dasvi’ promotions,0.0,0.296,0.704,0.2732
"Urfi on social media spat with Farah, trolls",0.0,0.0,1.0,0.0
Grazia Awards 2022: Red carpet,0.0,0.429,0.571,0.4588
Basketball player Valentina,0.0,0.0,1.0,0.0
Winnie Harlow turns up the heat,0.0,0.0,1.0,0.0
Filmfare Marathi Awards,0.0,0.6,0.4,0.4588
Stylish beach vacay photos of Sophie,0.0,0.0,1.0,0.0
Filmfare Marathi: Performances,0.0,0.0,1.0,0.0
Jacqueline stuns in short black dress,0.0,0.18,0.82,0.0258
Rihanna turns heads in sheer dress,0.0,0.0,1.0,0.0
Romantic beach vacay pics of VicKat,0.0,0.351,0.649,0.4019
"Rajasthan cops claim to unearth ‘terror plot’, 3 held with 12kg explosives, timer clocks",0.0,0.0,1.0,0.0
No-Mask Anxiety: What it means as COVID restrictions ease,0.152,0.223,0.625,0.2023
Long COVID symptoms as per COVID variants,0.0,0.0,1.0,0.0
COVID: Steps to take if you have cold-like symptoms,0.0,0.0,1.0,0.0
Impact of COVID on sexual health,0.0,0.0,1.0,0.0
Deltacron vs. Stealth Omicron: Which is more concerning?,0.157,0.0,0.843,-0.0772
Experts link zinc deficiency to COVID,0.0,0.0,1.0,0.0
Celebs who opened up about hair loss,0.277,0.0,0.723,-0.3182
Hebah Patel's black floral lehenga is perfect for a summer bride,0.0,0.291,0.709,0.5719
"Expert predicts the future of Ananya, Ishaan",0.0,0.0,1.0,0.0
Beauty secrets of Ranbir Kapoor's 63-year-old mother Neetu Kapoor,0.0,0.322,0.678,0.5859
Fun loaded summer activities for kids,0.0,0.398,0.602,0.5106
How to make Bento Cake at home,0.0,0.0,1.0,0.0
Rethink your travel plans: 8 countries that are witnessing rise in COVID cases,0.0,0.0,1.0,0.0
A sneak peek at our Miss India's stand-out finale gowns!,0.191,0.0,0.809,-0.2244
Eco Friendly Parenting: Raising Kids That Care For The Planet,0.0,0.444,0.556,0.7506
CCTV: Hindu activists threaten hotel staff not to serve halal food in Karnataka's Bhadravathi,0.167,0.0,0.833,-0.3818
CCTV: Hindu activists threaten hotel staff not to serve halal food in Karnataka's Bhadravathi,0.167,0.0,0.833,-0.3818
"Himachal Pradesh: Water rationing starts in Shimla amid heat wave, water shortage",0.154,0.0,0.846,-0.25
"Miss Universe Harnaaz gets body shamed for being ‘overweight’, hits back",0.366,0.0,0.634,-0.6369
"Imran Khan makes another gaffe, says US behind no trust vote",0.152,0.228,0.621,0.2732
Sara Ali Khan trolled for looking tired and visiting temple,0.244,0.0,0.756,-0.4404
'Distasteful dressing' comment: Urrfii hits out at Farah,0.0,0.0,1.0,0.0
Mouni Roys's alluring floral closet,0.0,0.0,1.0,0.0
South HITS which rocked B'Wood box office,0.0,0.0,1.0,0.0
5 women that were linked to Salman Khan,0.0,0.0,1.0,0.0
Stylish monokinis to rock this summer,0.0,0.0,1.0,0.0
Sehban Azim: Was judged for my skin tone,0.0,0.0,1.0,0.0
B'day boy Varun Sood raises temperatures,0.0,0.0,1.0,0.0
TV actors' funny incidents of April Fool’s Day,0.0,0.293,0.707,0.4404
IGT: Badshah confesses his liking for Nimrat,0.0,0.31,0.69,0.4019
Amazing looks of Roshni Singh you shouldn't miss,0.0,0.466,0.534,0.6421
Kriti Sanon's stunning pics in black outfits,0.0,0.302,0.698,0.3818
Gorgeous pictures of Kalyani Priyadarshan,0.0,0.5,0.5,0.6124
Keerthy Suresh & her Nyke’s adorable moments,0.0,0.39,0.61,0.4939
5 Star ACs That Provide Optimal Cooling At Low Electricity Expense; AC prices here,0.135,0.16,0.705,0.1027
Most Sought Kitchen Chimneys with Silent Operation,0.0,0.0,1.0,0.0
"Laptops under ₹60,000: Best picks for you when you are shopping online",0.0,0.276,0.724,0.6369
5-Star7 Kg washing machines: Best picks available online,0.0,0.375,0.625,0.6369
"Double Door Refrigerators Under ₹25,000: Finest Energy Efficient Options",0.0,0.412,0.588,0.5994
"55 Inch Ultra HD Smart TVs From Samsung, Sony, Mi, Redmi, Etc",0.0,0.197,0.803,0.4019
24 Inch Monitors That Are A Great Choice For Your Work From Home Setups,0.0,0.255,0.745,0.6249
"Earbuds For Everyone: Explore Options From boAt, OnePlus, JBL, etc",0.0,0.0,1.0,0.0
"Exclusive: Gautam Gambhir hugged me and said 'well played', says Ayush Badoni",0.0,0.412,0.588,0.6486
Mahendra Singh Dhoni quits as Chennai Super Kings skipper,0.0,0.328,0.672,0.5994
"Airthings Masters: After stunning Carlsen, Praggnanandhaa registers 2 more victories",0.0,0.245,0.755,0.3818
PBKS have the firepower to clinch maiden title: Bhanuka,0.0,0.0,1.0,0.0
"MI are slow starters, but it's still early days: Zaheer",0.0,0.0,1.0,0.0
'360-degree' Badoni a great find for India: LSG skipper Rahul,0.0,0.339,0.661,0.6249
Gambhir's reaction goes viral as LSG register maiden IPL win,0.0,0.297,0.703,0.5859
It was like Niagara Falls: Fleming on dew in CSK vs LSG game,0.0,0.172,0.828,0.3612
IPL: Evin Lewis lauds 'confident guy' Ayush Badoni,0.0,0.314,0.686,0.4939
In Pics: LSG pull off big chase to stun CSK,0.0,0.0,1.0,0.0
2nd ODI: Pakistan levels series vs Australia with record chase,0.0,0.0,1.0,0.0
GST collections at record high of Rs 1.42 lakh crore in March,0.0,0.0,1.0,0.0
"Amidst 43% spike in crude oil, fuel and LPG prices hiked again",0.252,0.0,0.748,-0.5719
Common man's pocket takes a hit as fuel and LPG prices hiked after 137 days,0.0,0.0,1.0,0.0
Commercial LPG price hiked by Rs 250 per cylinder,0.0,0.0,1.0,0.0
"RBI focused on growth, seen lagging on inflation fight",0.315,0.349,0.336,0.128
Cash-strapped Lebanon struggles to turn lights on for polling day,0.217,0.0,0.783,-0.3612
"IBPS Clerk XI Mains Result 2022 announced at ibps.in, download here",0.0,0.0,1.0,0.0
Common tech skills that are must in any industry,0.0,0.0,1.0,0.0
5 upcoming sectors in 2022,0.0,0.0,1.0,0.0
Words of Wisdom from the Giants - Career Advice from Top Entrepreneurs,0.0,0.366,0.634,0.6369
"Freelancing, using your free time productively to earn more",0.0,0.402,0.598,0.5719
6 homemade inexpensive pizza recipes,0.0,0.0,1.0,0.0
Watch: How to make Oreo Pop,0.0,0.0,1.0,0.0
Watch: How to make Peppery Potato Puffs,0.0,0.0,1.0,0.0
Watch: How to make Moong Dal Pakodi Chaat,0.0,0.0,1.0,0.0
Watch: How to make Red Velvet Tea Cake,0.0,0.0,1.0,0.0
Lebanese Garlic Sauce,0.0,0.0,1.0,0.0
Banana Cheela,0.0,0.0,1.0,0.0
Chamomile Milk,0.0,0.0,1.0,0.0
Boondi Ke Laddoo,0.0,0.0,1.0,0.0
Heart Choco Pops,0.0,0.0,1.0,0.0
Not losing weight? Look out for these mistakes,0.234,0.204,0.562,-0.0813
One of the prominent side effects of keto diet,0.0,0.223,0.777,0.3182
Rashmika sweats it out with THESE exercises,0.0,0.0,1.0,0.0
Randhir Kapoor's showing early signs of dementia,0.0,0.0,1.0,0.0
Harnaaz Sandhu opens up on Celiac disease,0.0,0.0,1.0,0.0
Lose weight with these five detox drinks,0.31,0.0,0.69,-0.4019
Tragic tale of abuse against doctors,0.643,0.0,0.357,-0.802
Emotional control: How to achieve it,0.0,0.242,0.758,0.1531
Samantha accepts challenge; shares workout video,0.0,0.659,0.341,0.5859
Vitamin K: Health benefits and sources,0.0,0.545,0.455,0.5859
Shehnaaz Gill drinks this homemade beverage,0.0,0.0,1.0,0.0
All about Jasmine Moosa,0.0,0.0,1.0,0.0
Here's what BB 3 contestants are doing,0.0,0.0,1.0,0.0
BB Malayalam 4: Dr. Robin lands in a fix,0.0,0.0,1.0,0.0
BB Malayalam 4: Daisy David lashes out at Blesslee,0.0,0.0,1.0,0.0
'Gantchhora' continues to top the TRP charts,0.0,0.231,0.769,0.2023
Nivedita Saraf is excited about new venture,0.0,0.286,0.714,0.34
Kavya Gowda recovers her hacked account,0.351,0.0,0.649,-0.4019
‘Montu Pilot’ set to entertain audience soon,0.0,0.277,0.723,0.3182
Mahindra Auto registers 65% sales growth in SUVs in March 2022,0.0,0.206,0.794,0.3818
2022 Jeep Meridian SUV India unveiled: Launch in June,0.0,0.0,1.0,0.0
"Mahindra, MG SUVs with adaptive cruise control and autonomous braking",0.0,0.0,1.0,0.0
"Honda City Hybrid unveil on April 14: Price, engine, motor, features and design",0.0,0.0,1.0,0.0
Citroen C3 India launch this year: What to expect,0.0,0.0,1.0,0.0
5 upcoming bikes to watch out for in India in 2022 under Rs 5 lakh,0.0,0.0,1.0,0.0
"IBPS Clerk XI Mains Result 2022 announced at ibps.in, download here",0.0,0.0,1.0,0.0
"SSC GD Constable Marks 2021 to be released today, check score card at ssc.nic.in",0.0,0.0,1.0,0.0
"JEE, NEET, CET entrance exams free coaching platform kicks off",0.0,0.268,0.732,0.5106
"Haryana board class 12 Hindi paper leaked, exam cancelled",0.381,0.0,0.619,-0.5106
"UPSC ESE Prelims 2022 result announced at upsc.gov.in, Mains on June 26; download result PDF here",0.0,0.0,1.0,0.0
Preparations in place for PM's Pariksha Pe Charcha,0.0,0.0,1.0,0.0
Gujarat IPS officer Sanjiv Bhatt case: U-turn by complainant,0.175,0.0,0.825,-0.1779
"Country's biggest party indulging in 'goondaism', says Delhi CM Arvind Kejriwal on vandalism outside his official residence",0.0,0.144,0.856,0.4019
'RRR' box office collection day 6: Ram Charan and Jr. NTR starrer inches towards 700 crores worldwide!,0.0,0.0,1.0,0.0
PM to attend Quad summit in US on Sept 24,0.0,0.0,1.0,0.0
The most bizarre outfits at Oscars 2022,0.302,0.0,0.698,-0.3804
Signs of pregnancy before a missed period,0.306,0.0,0.694,-0.296
Why readers are likely to be successful?,0.0,0.388,0.612,0.5859
Child shaming: Things not to say to your kids,0.0,0.0,1.0,0.0
Sugarless sweets made with fresh fruits,0.0,0.579,0.421,0.6705
‘Ready to discuss if India wants to buy anything from us’: Russian Foreign Minister Lavrov,0.0,0.0,1.0,0.0
MCC cancels mop-up round for medical PG admissions on SC’s directions,0.16,0.0,0.84,-0.2263
"Quashing of reservation in promotion to SC/ST employees may lead to unrest, multiple litigations: Centre to apex court",0.0,0.0,1.0,0.0
SC rejects Maharashtra plea to allow SIT to probe cases against Anil Deshmukh,0.199,0.118,0.683,-0.3182
‘India in favour of resolving disputes via diplomacy’: Jaishankar during meeting with Russian Foreign Minister Lavrov,0.102,0.267,0.631,0.5267
TMC MP Chhetri demands minority status for Hindus in Meghalaya,0.0,0.0,1.0,0.0
Heatwave in Northwest and Central India in April; below-normal temperatures in South,0.0,0.0,1.0,0.0
JDU general secretary Sanjay Jha rubbishes rumours of Nitish Kumar moving to Rajya Sabha,0.0,0.0,1.0,0.0
"As Opposition joins hands against K-Rail, CPM alleges ‘unholy political nexus’",0.0,0.0,1.0,0.0
India voice of developing nations on climate change: Environment Minister Bhupender Yadav in Lok Sabha,0.0,0.0,1.0,0.0
Parliament Budget Session Live Updates: Lok Sabha passes bill to include some tribal communities in ST list in four UP districts,0.0,0.0,1.0,0.0
"At home of killed militant, questions over path make way for acceptance",0.257,0.171,0.571,-0.3612
"Under new guidelines, Charak Shapath instead of Hippocratic oath for medical students",0.0,0.0,1.0,0.0
"Delhi, Maharashtra: Masks not must, but advisable",0.0,0.0,1.0,0.0
"If China breaches LAC again, Russia won’t help, says US Deputy NSA Daleep Singh",0.0,0.172,0.828,0.4019
"Historic, big step for peace: Northeast CMs",0.0,0.368,0.632,0.5423
Truss-Jaishankar faceoff over sanctions: ‘most Russian oil buyers in Europe’,0.0,0.0,1.0,0.0
"Now, Pokhriyal to be evicted, to make room for Scindia",0.0,0.0,1.0,0.0
MK Stalin seeks PM Modi’s nod to help Sri Lanka Tamils,0.0,0.213,0.787,0.4019
"Retiring MPs reminisce about past, advise on future",0.0,0.0,1.0,0.0
"Assam Rajya Sabha polls: Counting delayed, Congress suspends party MLA for violating whip",0.298,0.149,0.552,-0.4019
Sharad Pawar on The Kashmir Files: Such a film should not have been cleared for screening,0.085,0.0,0.915,-0.0762
"BJP, ally win both RS seats from Assam",0.0,0.352,0.648,0.5859
"5 Questions: Umesh G Jadhav, BJP MP from Karnataka’s Gulbarga constituency",0.0,0.0,1.0,0.0
Sonia Gandhi slams govt over NREGA cuts; ministers hit back,0.196,0.0,0.804,-0.296
Congress makes fresh appointments in Goa unit; hands over baton to “Generation Next”,0.0,0.161,0.839,0.3182
Ex-IPS officers hail Centre’s efforts in combating Maoist violence,0.331,0.105,0.565,-0.5859
"Family feud back, sidelined Shivpal looks out",0.286,0.0,0.714,-0.34
"Newsmaker: On the sidelines of raj path, Chirag now loses a Janpath address",0.173,0.0,0.827,-0.3182
‘Congress was expected to do better’: Tribal discontent simmers in Chhattisgarh,0.0,0.0,1.0,0.0
US criticises India on Russia talks as Lavrov visits Delhi,0.204,0.0,0.796,-0.3182
Russian Foreign Minister Lavrov arrives in India amid Moscow’s invasion of Ukraine,0.0,0.0,1.0,0.0
Fifteenth round of India-China talks to resolve Ladakh standoff ‘positive and constructive’: Chinese military,0.0,0.167,0.833,0.3818
Allahabad HC bail to students in T20 World Cup case: ‘Unity of India not a reed that can bend to slogans’,0.0,0.0,1.0,0.0
‘You will be in our thoughts’: RS Chairman Venkaiah Naidu bids farewell to 72 members of House,0.0,0.0,1.0,0.0
"SC directs Sharad Yadav to vacate his bungalow by May 31, furnish undertaking",0.0,0.0,1.0,0.0
"Newsmaker: At the helm of Manipur Congress post poll rout, K Meghachandra braces for uphill task",0.0,0.0,1.0,0.0
"Prices of EVs to be equal of petrol cars in 2 years, says Nitin Gadkari",0.0,0.0,1.0,0.0
"Two prolonged heatwaves, a missed cyclone and wet spells, March ends as a month of extremes",0.145,0.0,0.855,-0.296
"Amid hijab-halal row, as Karnataka BJP raises pitch, speculation of early polls",0.0,0.0,1.0,0.0
"Govt removes AFSPA from parts of Nagaland, Assam and Manipur",0.0,0.0,1.0,0.0
"Rajya Sabha bids goodbye to 72 members, PM hails contribution",0.0,0.0,1.0,0.0
CJI N V Ramana launches software to transmit court orders swiftly,0.0,0.216,0.784,0.296
‘Shut up’: Ramdev lashes out at journalist over question regarding fuel price hike,0.0,0.0,1.0,0.0
"Congress MP wants ‘Pakistan-like’ law to limit number of guests, dishes at weddings",0.0,0.098,0.902,0.0772
"Report: 67% abortions in India unsafe, cause nearly 8 deaths every day",0.0,0.0,1.0,0.0
"Weather update: Heatwave conditions to continue across North India today, some respite from tomorrow",0.0,0.0,1.0,0.0
"Destroying social fabric, peace & co-existence to win poll is unacceptable: Karnataka BJP MLC Vishwanath",0.276,0.305,0.418,0.1779
Supreme Court dismisses plea challenging use of TTD property for Sri Balaji district’s Collectorate,0.0,0.302,0.698,0.6369
"Oppn accuses govt of framing labour codes without consulting trade unions, favouring corporates",0.153,0.146,0.701,-0.0258
"Adiwasis in Sukma protest Ramayana recitation competition, writes to Governor",0.182,0.0,0.818,-0.25
UK Foreign Secy Liz Truss to arrive in India today,0.0,0.0,1.0,0.0
SC asks DGHS to correct anomalies in NEET-PG All India Quota counselling,0.0,0.0,1.0,0.0
"Sariska Tiger Reserve: Stinging bees, smoke and a steep climb — an uphill battle to control fire",0.278,0.0,0.722,-0.6124
"Sariska Tiger Reserve not fire-prone, but burned despite early warnings",0.0,0.206,0.794,0.3252
"PM speaks to Rajasthan CM, offers all help to douse blaze",0.0,0.213,0.787,0.4019
"5 Questions: Arun Kumar Sagar, BJP MP from Uttar Pradesh’s Shahjahanpur",0.0,0.0,1.0,0.0
"BJP encashing valour of ex-Servicemen for politics, later forgets them: Congress",0.0,0.0,1.0,0.0
Rajya Sabha members seek answers on plan for MP quota in KVs,0.0,0.0,1.0,0.0
"LS clears Bill to amend chartered accountancy, cost accountancy, company secretary laws",0.0,0.106,0.894,0.0772
Uproar in Lok Sabha as TMC MP alleges ‘misuse’ of central agencies,0.0,0.0,1.0,0.0
No intention to make social media users’ verification a must: Govt,0.196,0.0,0.804,-0.296
"Lok Sabha passes MCD Bill, Amit Shah says BJP workers not afraid",0.0,0.0,1.0,0.0
German NSA: Turmoil if countries define geography through history,0.238,0.0,0.762,-0.3612
Sale of 20th tranche of electoral bonds to begin on April 1,0.0,0.0,1.0,0.0
Kerala seeks US support to establish centres of excellence in higher education sector,0.0,0.382,0.618,0.7783
Rajya Sabha passes Bill to remove Bhogta caste from SC list,0.0,0.0,1.0,0.0
Govt announces merger of all film bodies under National Film Development Corporation,0.0,0.0,1.0,0.0
"AAP marks Jammu presence with Doda rally; rivals take note, watch ranks",0.0,0.0,1.0,0.0
"Newsmaker: Narendranath Chakraborty, MLA banned from Asansol by-poll campaign an old TMC hand",0.174,0.186,0.64,0.0516
Polls in J&K after delimitation exercise: Amit Shah,0.0,0.0,1.0,0.0
Panel approves procurement of 15 light combat helicopters,0.216,0.243,0.541,0.0772
Top Odisha officers in line of Oppn fire for making a beeline to felicitate Naveen,0.148,0.111,0.741,-0.1531
Govt does not intend to make social media users’ verification mandatory: Minister,0.0,0.106,0.894,0.0772
Kerala’s new policy sets up wider availability of liquor in state,0.0,0.0,1.0,0.0
Govt sends team to evict Chirag from bungalow allotted to his late father and ex-minister Ram Vilas Paswan,0.0,0.0,1.0,0.0
"Lok Sabha passes Chartered Accountants, the Cost and Works Accountants and the Company Secretaries (Amendment) Bill, 2021",0.0,0.0,1.0,0.0
"Difficult for character actors to become hero, heroine again: Gadkari",0.149,0.435,0.417,0.7003
"Newsmaker: Alliance with Goa Congress was unenthusiastic; Oppn unity cannot just be a hashtag, says Vijai Sardesai",0.0,0.0,1.0,0.0
19-year-old woman killed in Vadodara,0.529,0.0,0.471,-0.6705
"With two more successful tests, Army version of MRSAM completes trials",0.0,0.29,0.71,0.624
"Kerala CM Vijayan writes to PM Modi, urges him to look into deportation of anthropologist Filippo Osella",0.0,0.0,1.0,0.0
"Uttarakhand CM Dhami allots portfolios, keeps over two dozen departments with himself",0.0,0.0,1.0,0.0
Union minister Nitin Gadkari reaches Parliament in green hydrogen-powered car,0.0,0.118,0.882,0.0516
"Lakhimpur Kheri violence: On plea to cancel MoS Mishra son’s bail, SC seeks UP govt stand",0.303,0.0,0.697,-0.7269
Watch: Woman hurls bomb at CRPF bunker in Kashmir’s Sopore,0.262,0.0,0.738,-0.4939
"India logs 1,233 new COVID-19 cases",0.0,0.0,1.0,0.0
Konkan Railway completes electrification of entire 741-km route; CRS nod obtained,0.0,0.0,1.0,0.0
Questions over stability of world order: PM Modi at BIMSTEC summit,0.0,0.0,1.0,0.0
"Newsmaker: Its footprint shrinking, Gujarat tribal party hopes to find a new ally in AAP",0.0,0.314,0.686,0.6705
"Heatwave to continue in Delhi, Rajasthan; light rain in Kerala, Northeast: IMD",0.0,0.0,1.0,0.0
"Exercise increased caution while travelling to India, says new US travel advisory",0.0,0.16,0.84,0.2732
"‘Backwards, SCs & minorities have still not understood their rights’: SBSP president Om Prakash Rajbhar",0.0,0.0,1.0,0.0
"Parliament Budget Session Highlights: Budgetary allocation for MGNREGA cut despite scheme’s benefits during pandemic, Sonia Gandhi says in LS",0.201,0.0,0.799,-0.508
"In Yogi Cabinet 2.0, newcomers get important portfolios",0.0,0.205,0.795,0.2023
Two crore families in rural India given pucca houses: PM Modi,0.0,0.0,1.0,0.0
34 non-J&K residents have bought land in UT: Govt in Lok Sabha,0.0,0.0,1.0,0.0
"NREGS wages revised, less than 5 per cent hike in 21 states, Union Territories",0.0,0.0,1.0,0.0
PM in Bengal address: Violent intimidation against democracy,0.528,0.0,0.472,-0.7717
Workshops in schools needed for awareness on child abuse: DMK MP,0.296,0.0,0.704,-0.6369
Not approached by anyone over Presidential elections: Patnaik,0.0,0.0,1.0,0.0
"Central Vista revamp: Rs 1,119-crore bid lowest for Executive Enclave that will house new PMO",0.157,0.0,0.843,-0.3818
"Chartered Accountants Bill: Amendment an attempt to tinker with ICAI autonomy, says Opposition",0.0,0.0,1.0,0.0
5 Questions: BJP MP Subhash Chandra Baheria,0.0,0.0,1.0,0.0
US Deputy NSA likely to visit this week,0.0,0.0,1.0,0.0
"Central government to sell up to 1.5% in ONGC to raise Rs 3,000 crore",0.0,0.0,1.0,0.0
Halal food is ‘economic jehad’: BJP gen secy C T Ravi,0.0,0.0,1.0,0.0
"Indian student Harjot Singh, who was shot in Kyiv, discharged from hospital",0.0,0.0,1.0,0.0
"Finance minister underlines growth, flags war challenges: Oil prices, supply disruption",0.37,0.225,0.405,-0.5423
"Over 1,200 paramilitary troopers died by suicide in last 10 years: govt",0.448,0.0,0.552,-0.8442
BJP only party that respects all former PMs: Narendra Modi,0.0,0.385,0.615,0.6124
The fishing scheme that landed VIP leader Mukesh Sahani in troubled waters,0.176,0.237,0.587,0.2577
"‘Mega Science Vision Document-2035 to make students industry-ready, employable’",0.0,0.2,0.8,0.25
"Divided at the top and weak within, Odisha Congress’s battle for survival continues",0.318,0.104,0.578,-0.5719
"Newsmaker: 13 years an outsider, the curious case of Shashi Tharoor",0.0,0.187,0.813,0.3182
"Lakhimpur Kheri case: No attack on witness, altercation was over Holi colours, UP govt tells SC",0.275,0.0,0.725,-0.6486
SC order on developmental projects applicable not just to SilverLine: Kerala HC,0.0,0.0,1.0,0.0
Kerala HC denies bail to prime accused in 2017 actress assault case,0.494,0.0,0.506,-0.8316
"10 BKU members arrested for rioting, Rakesh Tikait protests",0.417,0.0,0.583,-0.6124
29 cases of illegal import of e-waste detected since 2019: Centre tells Parliament,0.231,0.0,0.769,-0.5574
"Bharat Bandh: Despite court intervention, attendance low in Kerala govt offices on day 2",0.149,0.0,0.851,-0.2732
PM Modi asks BJP MPs to highlight welfare measures in fortnight dedicated to ‘social justice’,0.0,0.293,0.707,0.6597
"Once a weapon in its arsenal, bandhs now a no-no for TMC",0.196,0.0,0.804,-0.296
Bengal Assembly pandemonium: A look at the other infamous scenes,0.0,0.0,1.0,0.0
"Birth anniversary of Lingayat seer likely to be show of strength in Karnataka BJP for sidelined Yediyurappa, son",0.0,0.158,0.842,0.4939
Nitish Kumar joining Rajya Sabha? Close aide rubbishes rumours,0.0,0.0,1.0,0.0
"Exclusive | Congress will form govt in Goa within 10-15 months, says leader Michael Lobo",0.0,0.103,0.897,0.128
Two coins in two bowls: Read what PM Modi said at Pariksha Pe Charcha,0.0,0.0,1.0,0.0
India staying in touch with Russia beneficial for both nations: Jaishankar,0.0,0.225,0.775,0.4404
DMK MP to move private member bill seeking fixed time limit for Governor to decide on bills,0.0,0.0,1.0,0.0
"Suman Paul, sole TMC corporator in Tripura, joins BJP",0.0,0.0,1.0,0.0
TMC mocks BJP's 'acche din' with Oscars slapgate meme on April Fool's day,0.2,0.0,0.8,-0.4588
"Patient bitten by rat in Telangana hospital, 2 doctors suspended",0.279,0.0,0.721,-0.4767
"Tension in Telangana's Jogulamba Gadwal, Ambedkar statue set on fire as two groups clash",0.281,0.0,0.719,-0.5719
Will strip you off uniform: 2 BJP leaders threaten police in Bengal's Bankura,0.191,0.0,0.809,-0.3818
19-year-old student dies by suicide over caste-based harassment by college authorities in TN,0.421,0.0,0.579,-0.8402
"Delhi HC asks police to preserve CCTV footage, file status report on vandalism outside CM Kejriwal's residence",0.0,0.0,1.0,0.0
Pages,0.0,0.0,1.0,0.0
ED arrests Nagpur lawyer who filed plea against Fadnavis in money laundering case,0.195,0.0,0.805,-0.4404
"Free electricity, increased health insurance amount: Rajasthan govt announces slew of public welfare measures",0.0,0.31,0.69,0.6597
Former J&K minister Babu Singh's name comes up in hawala case,0.0,0.0,1.0,0.0
"This is language of coercion, not diplomacy: Former UN envoy on US concern over India-Russia trade",0.0,0.0,1.0,0.0
"Amid Ukraine war, Russian Foreign Minister Sergey Lavrov arrives in New Delhi",0.262,0.0,0.738,-0.5994
"Rajya Sabha polls: NDA bags 2 seats in Assam, 1 in Tripura; Congress gets 1 in Kerala",0.0,0.0,1.0,0.0
"Aviation turbine fuel price hiked to all-time high of Rs 2,258.54 per kilolitre",0.0,0.0,1.0,0.0
Punjab govt paid pest-affected farmers less than those whose crops were razed for CM swearing-in: Oppn,0.0,0.0,1.0,0.0
Medical oath to be replaced by Charak Shapath? National Medical Commission clarifies,0.0,0.147,0.853,0.2263
Today's News LIVE Updates | Nepal CM Deuba meets BJP chief JP Nadda at party HQ in Delhi,0.0,0.259,0.741,0.6408
PM Modi assured appropriate action on Tamil Nadu’s demands: CM Stalin,0.0,0.2,0.8,0.3612
Bengal bypolls: TMC files complaint with EC against BJP candidate Agnimitra Paul,0.167,0.0,0.833,-0.296
Pages,0.0,0.0,1.0,0.0
"Bombay HC directs Rakesh Wadhawan, accused in PMC bank fraud case, to be shifted back to KEM hospital",0.273,0.0,0.727,-0.7184
Malegaon blast case: Bombay HC rejects Lt Col Purohit’s appeal seeking a stay on the trial,0.186,0.0,0.814,-0.4939
NARI-ICMR moves ahead with phase 3 trials for world’s first TB vaccine,0.0,0.0,1.0,0.0
"Russia won't come to India’s defence if China violates LAC again, says US Deputy NSA",0.186,0.079,0.734,-0.4404
Intend to remain engaged with China on issue of trans-border rivers to safeguard our interests: Govt,0.0,0.36,0.64,0.743
FIR against ministers for brandishing swords: Maharashtra chief secretary to look into matter,0.0,0.084,0.916,0.0258
"I-T dept uncovers irregularities to the tune of Rs 800 crore after raids on Hero Motocorp, others",0.0,0.184,0.816,0.5574
"EAM Jaishankar, UK counterpart hold bilateral talks, Ukraine war high on agenda",0.262,0.0,0.738,-0.5994
Police arrests woman who hurled petrol bomb at CRPF camp in J&K's Sopore,0.357,0.0,0.643,-0.7269
Clubhouse app case: 18-year-old accused granted bail by Mumbai court,0.18,0.164,0.656,-0.0516
Assets worth Rs 216 crore of Chennai firm attached by ED for FEMA violations,0.189,0.2,0.611,-0.2023
"Maoists failing due to sustained ops, development schemes, say ex-IPS officers",0.248,0.0,0.752,-0.5106
Pages,0.0,0.0,1.0,0.0
"Maoists failing due to sustained ops, development schemes, say ex-IPS officers",0.248,0.0,0.752,-0.5106
"Gujarat police entered party office in Ahmedabad without permission, alleges Congress",0.0,0.213,0.787,0.4019
Centre gives nod for six reactors at Andhra's Kovvada nuclear power plant,0.0,0.0,1.0,0.0
Russian Foreign Minister arrives in Delhi amid Ukraine war,0.328,0.0,0.672,-0.5994
"Wife's suspected extra-marital affair led to Ahmedabad quadruple murder, reveals police",0.423,0.0,0.577,-0.765
"Congress high command's olive branch, quelling a rebellion or mere tokenism?",0.143,0.0,0.857,-0.128
"Company withdraws from Kerala SilverLine project, K-Rail claims it was sacked",0.0,0.0,1.0,0.0
Bombay HC upholds order asking divorced woman to pay alimony to ex-husband,0.113,0.0,0.887,-0.1027
"Kerala govt changes liquor policy, allows IT parks to serve liquor",0.0,0.0,1.0,0.0
Bengal lifts all Covid curbs as cases dip,0.0,0.0,1.0,0.0
Actor Dileep accuses cops of harassing his 87-year-old mother,0.457,0.0,0.543,-0.7096
"50 Indians still in Ukraine, only few want to return: Centre in Rajya Sabha",0.0,0.091,0.909,0.0772
Pages,0.0,0.0,1.0,0.0
Two YSRCP councillors come to blows in Andhra Pradesh | Video,0.0,0.0,1.0,0.0
Hyderabad: Special trains to be arranged for Jaipur and Gorakhpur from April,0.0,0.197,0.803,0.4019
One religion cannot impose its ideology on another: K'taka minister on halal meat row,0.0,0.127,0.873,0.2235
"6 MLAs, 9 municipal councillors skip Congress' meeting over Himachal Pradesh civic poll",0.0,0.0,1.0,0.0
Jammu-Srinagar national highway reopens for vehicular traffic,0.0,0.0,1.0,0.0
Bajrang Dal activist murder: K'taka court orders probe against minister Eshwarappa for provocative speech,0.266,0.0,0.734,-0.6908
"India, France conduct joint naval exercise Varuna in Arabian sea",0.0,0.0,1.0,0.0
"Have right to know if my daughter is dead or alive, says MP man on hunger strike",0.333,0.111,0.556,-0.6369
"West Bengal: Woman, daughter held for strangling man to death in Howrah",0.262,0.0,0.738,-0.5994
NCB gets another 60 days to file chargesheet in drugs-on-cruise case,0.0,0.0,1.0,0.0
Telangana youth arrested for rape and murder of class 10 girl,0.61,0.0,0.39,-0.926
Telangana: Congress to counter Asaduddin Owaisi’s party AIMIM on its home turf,0.0,0.197,0.803,0.4019
Pages,0.0,0.0,1.0,0.0
"Through Thick & Thin: India, Russia Recall 'Sustained' Ties as Jaishankar Holds Talks with Russian Counterpart",0.0,0.0,1.0,0.0
"News18 Afternoon Digest: Don't Blame India for Importing Russian Oil, Says Pak PM, Karnataka Halal Row Gains Steam & Other Top Stories",0.0,0.257,0.743,0.6412
"AFSPA: Not Insurgency, Manipur Should Be Known for Development, Says Professor Who Witnessed Unrest",0.0,0.0,1.0,0.0
4 Pairs of Trains Connecting Delhi With 5 Other States to Have Additional Coaches. List,0.0,0.0,1.0,0.0
"AFSPA Now Applicable Fully Only in 31 Districts, Partially in 12 Districts of 4 Northeast States",0.0,0.0,1.0,0.0
"My Russia Trip Irked America, Pak Oppn Has Money Stacked in US Bank, Says Imran Khan | Top Quotes",0.0,0.096,0.904,0.2023
"AFSPA Coverage Reduced: From Maximum Incidents to Minimum Casualties, Here's the Ground Reality",0.0,0.0,1.0,0.0
"Karnataka Halal Row: As Issue Reaches HC, BJP Calls for 'Solution', A Look at Why There's a Call for Boycott",0.118,0.062,0.821,-0.2732
SC Dismisses Maha Govt's Plea Seeking Transfer of Anil Deshmukh Case to SIT,0.0,0.0,1.0,0.0
North Western Railway to Operate Weekly Summer Special Trains; Check List,0.0,0.213,0.787,0.4019
"'How Did Protesters Reach CM's Doors?' Delhi HC Raps Police, Orders to Preserve CCTV Footage",0.119,0.069,0.812,-0.2023
"India Logs 1,335 New Covid-19 Cases, Active Infections Dip to 13,672",0.0,0.213,0.787,0.4019
"Lunch with Modi, Visit to BJP Office, a Day in Benaras: On Maiden Trip to India, Nepal PM Deuba's Itinerary",0.0,0.0,1.0,0.0
Railways Cancels Trains on Jodhpur-Jaisalmer Rail Route Due to Maintenance Work,0.16,0.0,0.84,-0.2263
3 Trains Across 6 States to Get Extra Coaches. Check List,0.0,0.0,1.0,0.0
"One Consumes Poison, Another Faints After Hearing Bihar Board Results",0.28,0.0,0.72,-0.5423
"PM Modi Greets People on Utkala Dibasa; Odisha Gave World a Message of Peace and Love, Says President Kovind",0.0,0.383,0.617,0.8519
China Calls for Keeping Ties With India 'On Right Course' After US Remark on Moscow-Beijing Closeness,0.0,0.0,1.0,0.0
"Uttarakhand Doctor Resigns over 'Harassment' from Health Secretary, His Wife",0.204,0.0,0.796,-0.3182
Militant Affiliated to LeT Killed in Shopian Encounter; Explosives Found in Raid in Kishtwar,0.257,0.0,0.743,-0.6705
"India Lifts Covid Curbs, Maharashtra Breathes Free of Masks, No 'Fine' in Delhi Too: All You Need to Know",0.098,0.147,0.756,0.2732
Tourists Throng Banks of Dal Lake as Asia's Largest Tulip Garden Opens for Visitors in J&K's Srinagar | IN PHOTOS,0.0,0.0,1.0,0.0
"'Fear Over Residents Sheltering Extremists': As Assam Celebrates Reduced AFSPA, Some Tread with Caution",0.169,0.196,0.635,0.128
"India, UK Resolve to Retain Strategic Focus on Indo-Pacific",0.0,0.245,0.755,0.3818
India Signs Pact with UNWFP for Distribution of Aid in Afghanistan,0.0,0.0,1.0,0.0
"Unable to Clear Rouble Payments, India Orders Indigenous Weapons to Use Up Defence Capital Budget",0.153,0.212,0.635,0.0258
Uttar Pradesh Village Police Seeks Surrender of Rape Accused with Bulldozer Threat,0.534,0.0,0.466,-0.8834
Birbhum Killings: Two More Held for TMC Panchayat Official's Murder,0.535,0.0,0.465,-0.8807
Cal HC Asks Bengal Govt to Submit Probe Progress Report in Minor Girl Gangrape Case,0.0,0.167,0.833,0.4215
"J&K: Burqa-clad Woman, Who Hurled Petrol Bomb at CRPF Bunker, Arrested",0.412,0.0,0.588,-0.743
"Heatwave: Northwest, Central India to Experience Above-normal Max Temp in April, Says IMD",0.0,0.0,1.0,0.0
Will Give Permission to Re-open Nizamuddin Markaz for Ramzan: Delhi Police to HC,0.0,0.0,1.0,0.0
Speculations Rife on Nitish Kumar Moving to Delhi as Next Vice President,0.0,0.0,1.0,0.0
"6 Killed, 7 Injured as Car Falls into Gorge in J&K's Poonch",0.474,0.0,0.526,-0.802
"Right Time to Lift Mask Mandate, but Vulnerable Groups Must Take Precaution: Experts",0.164,0.0,0.836,-0.3291
"Around 40-50 Indians Still in Ukraine, of Which Only Few Willing to Return, Says Govt",0.0,0.0,1.0,0.0
Nepal PM Deuba to Travel to India on Friday on His Maiden Visit with 50-member Delegation,0.0,0.0,1.0,0.0
Ukraine Crisis Shattered European Security; Must Cut Dependence on Russia; India Trusted Partner: Liz Truss,0.375,0.222,0.403,-0.5859
Mask or No Mask? Know What Changes from Today As Covid-19 Restrictions End in India,0.136,0.0,0.864,-0.296
NIA Announces Rs 10 Lakh Reward Each on Four Wanted Terrorists of LeT Offshoot TRF,0.197,0.178,0.625,-0.1027
"Russian FM Sergey Lavrov Lands in India for Official Visit; Will Meet PM Modi, Jaishankar on Friday",0.0,0.0,1.0,0.0
"Breathing Easy: Maha, Bengal Dump All Covid Curbs, Delhi Makes Mask Optional; Details Here",0.149,0.166,0.686,0.0772
"‘Historic Move, Will Celebrate it in Big Way’: People of Manipur Hail Modi, Shah’s AFSPA Decision",0.0,0.263,0.737,0.6124
West Bengal Lifts All Covid-related Curbs as Cases Dip,0.0,0.0,1.0,0.0
"15th Round of India, China Talks to Resolve Ladakh Standoff 'Positive and Constructive': Chinese Military",0.0,0.323,0.677,0.7351
Delhi Decides to Do Away with Fine for Not Wearing Face Masks at Public Places: Sources,0.0,0.107,0.893,0.2023
"MP: Minor Girl Raped, Forced to Undergo Abortion; Doctor, Accused Among 4 Held",0.521,0.0,0.479,-0.8689
"VIL Board Okays Share Allotment to 3 Promoter Group Cos to Raise Rs 4,500 Cr",0.0,0.306,0.694,0.6486
"Delhi Among 31 Non-attainment Cities with Increased PM10 Levels in 2020-21, Govt Tells RS",0.0,0.139,0.861,0.2732
Over 20 Houses Damaged in Two Fire Incidents in Srinagar: Officials,0.371,0.0,0.629,-0.6486
These Humsafar Express Trains Are Soon Going To Have a Revised Timetable,0.0,0.0,1.0,0.0
China Gaining Leverage Over Russia Inimical to India: US Deputy NSA Daleep Singh,0.0,0.189,0.811,0.4215
"Railways to Run Daily Special Trains Connecting Cities in UP, Haryana And Punjab",0.0,0.184,0.816,0.4019
"UP Qawwal in Trouble for Anti-National Remarks, MP Police Teams Reach Kanpur to Nab Him",0.161,0.065,0.774,-0.3818
"News18 Evening Digest: Disturbed Areas Under AFSPA in Assam, Nagaland, Manipur Reduced & Other Top Stories",0.149,0.103,0.747,-0.2023
"Printed Mask On, 7-year-old Student Petitions Against Stray Dog Menace in Karur",0.225,0.0,0.775,-0.4939
Maharashtra Decides to do Away With all Covid-19 Curbs As Cases Wane; Mask Use Now Optional,0.0,0.0,1.0,0.0
"Scorched Earth: India Hit by Record Heatwave in Mar, Rainfall Deficit Widens to 72%; No Respite Soon",0.246,0.0,0.754,-0.5994
AFSPA: A British-era Remnant With Unbridled Powers; Here’s a Complete Low-down,0.0,0.0,1.0,0.0
"Rajasthan Man Dies by Suicide After Being Beaten Up by Police, ASI Suspended",0.51,0.0,0.49,-0.886
Terror Groups Using Women Over Ground Workers to Carry Out Attacks in Kashmir: Officials,0.344,0.0,0.656,-0.743
"NSA Doval Holds Talks With Dutch Counterpart Leeuwen, Discusses Bilateral, Global Issues",0.0,0.0,1.0,0.0
BJP Leader Among Two Held for Abetting Suicide of Doctor in Rajasthan's Dausa,0.273,0.0,0.727,-0.6705
"India, France Begin Five-day Mega Naval Wargame in Arabian Sea",0.0,0.0,1.0,0.0
"Unnao Rape Case: HC Seeks CBI, Victim's Response on BJP MLA Sengar's Bail Plea",0.266,0.0,0.734,-0.6908
Aryan Khan Case: NCB Gets 60 More Days from Mumbai Court to File Chargesheet,0.0,0.0,1.0,0.0
"Indian Railways to Resume Bedroll Service on 11 Trains from Indore, Mhow",0.0,0.0,1.0,0.0
"Disturbed Areas Under AFSPA in Assam, Nagaland, Manipur Reduced, Says Amit Shah",0.191,0.0,0.809,-0.3818
West Bengal Lottery Result 2022: Dear Bangabhumi Bhagirathi Result for March 31 at 4 PM; Check Details,0.0,0.148,0.852,0.3818
Three Indian Fishermen from Tamil Nadu Arrested by Lankan Navy,0.256,0.0,0.744,-0.4767
Sketches of 2 Suspects in Delhi IED Recovery Case Prepared; Special Cell Teams on Lookout,0.133,0.256,0.611,0.296
Shillong Lottery Result 2022: Check Winning Numbers for March 31 Morning Teer and Teer Game,0.0,0.195,0.805,0.5267
"From the Taliban Takeover to Lockdowns in India, How Bhilwara’s Textile Industry Survived 2021",0.0,0.202,0.798,0.5106
Police File Complaint After Triple Talaq Crusader Nida Khan Alleges Being 'Heckled' By Relatives 'To Quit BJP',0.121,0.0,0.879,-0.296
"Delhi, Maharashtra Sizzle as Mercury Soars, IMD Predicts Heatwave in Central, West India for Next 4-5 Days",0.0,0.0,1.0,0.0
"UP Qawwal Booked for Anti-national Remarks in Rewa, MP Police to Arrest Accused Soon",0.277,0.0,0.723,-0.5574
"With Nil Active Cases, Puducherry Becomes Covid-free",0.0,0.31,0.69,0.4019
'Biased Approach': Karnataka HC Slams POCSO Court for Acquitting Rape-accused Father,0.157,0.172,0.672,0.0516
Journalist Rana Ayyub Moves Delhi High Court Against Travel Restrictions,0.0,0.0,1.0,0.0
Maha: ED Searches Residence of Nagpur-based Lawyer Who Filed Petitions Against Fadnavis,0.0,0.0,1.0,0.0
"Advocate Satish Uke, in News for Petitions Against BJP's Devendra Fadnavis, Detained After ED Raids",0.162,0.0,0.838,-0.4019
LIVE Kerala Lottery Result 2022: Check Karunya Plus KN-414 Winning Numbers for March 31; First Prize Rs 80 Lakh!,0.0,0.291,0.709,0.7901
"India Logs 1,225 Fresh Covid-19 Cases, 28 Deaths",0.0,0.247,0.753,0.3182
"News18 Afternoon Digest: Delhi Draws Distinction Between India, China's Stand on Russia As European Leaders Come Calling & Other Top Stories",0.0,0.087,0.913,0.2023
PM Narendra Modi Likely to Flag Off First India-Nepal Passenger Train on April 2,0.0,0.0,1.0,0.0
"'Mahapaapi, Don't Consider Them Indians': Cornered Over Hooch Deaths, Nitish Kumar Clarifies on Relief",0.116,0.276,0.608,0.4404
"Kafeel Khan Booked for 'Obstructing Govt Work', SP Candidate Claims Case 'Politically Motivated'",0.0,0.2,0.8,0.4588
Face of Gurjar Reservation Movement Col Kirori Singh Bainsla Passes Away After Long Illness,0.172,0.0,0.828,-0.4019
"Man Held for Raping, Killing Pregnant Goat in Kerala's Kasargod",0.535,0.0,0.465,-0.8807
Chorus for Population Control Policy Grows in Karnataka But Here’s Why It Could Be Disastrous,0.218,0.0,0.782,-0.5994
"European Leaders Come Calling Over Ukraine, Delhi Draws Distinction Between India, China’s Russia Stand",0.0,0.0,1.0,0.0
"Rajasthan Doctor Suicide Case: Dausa SP Removed, SHO Suspended",0.521,0.0,0.479,-0.8225
"Sariska Fire Shrinks But With 'Burning' Queries on Climate Change, Status of Tigers: Read All Details",0.138,0.0,0.862,-0.34
"Development on Agenda, Yogi Govt 2.0 to Organise Ground-breaking Ceremony With Investment Target of Rs 10 Lakh Cr",0.0,0.0,1.0,0.0
Indian Railways’ PSU RailTel to Build Modern Signalling Projects Worth Rs 224 Crore on Northern Railway Zone,0.0,0.106,0.894,0.2263
"Defence Ties, 'Reducing Dependence on Russia' Focus of Liz Truss' Visit to India, Says UK",0.0,0.091,0.909,0.1027
"Use Bulldozer to Demolish House of Rape Accused, Shivraj Chouhan Instructs Rewa SP",0.385,0.0,0.615,-0.7845
"Regional Sources Bigger Contributor than Stubble Smoke to Delhi-NCR Winter Pollution, Claims CSE",0.0,0.0,1.0,0.0
"Capital Crime: Rape Tripled, Kidnapping of Women Doubled in Delhi in Last 10 Years, Says Police Data",0.353,0.0,0.647,-0.8481
"Shortfall of Beds, Doctors, Test Availability: CAG Report Highlights Huge Gaps in Bihar's Medical Facilities",0.0,0.141,0.859,0.3182
Save the Soil | Watch Sadhguru's Journey So Far From the Carribean Islands to London,0.0,0.198,0.802,0.4939
Assam Looks to Get ahead of Rest of India: CM Himanta Stresses on Need for Separate Time Zone,0.15,0.0,0.85,-0.4588
Sufficient Reasons And Causes for Declaring Zakir Naik's IRF An Unlawful Association: UAPA Tribunal,0.0,0.0,1.0,0.0
"India, UK Committed to Delivering Balanced FTA by Year-end, Says Foreign Secy Shringla",0.0,0.149,0.851,0.2732
"NHRC Notice to Delhi Govt, Police Chief Over Death of Four Men in Sewer Line",0.218,0.0,0.782,-0.5994
"Severe Heatwave Persists in Parts of Delhi, No Respite in Sight",0.348,0.0,0.652,-0.5859
MP: Religious Leader Among Two Held for Raping Girl; CM Directs Officials to Raze Properties of Accused,0.318,0.0,0.682,-0.7906
Left Family 7 Years Ago Over Fear of Rejection: TN Transwoman Now Reinstated As Panchayat Secretary,0.34,0.0,0.66,-0.7717
Stopped in Tracks: Another 'non-Hindu' Bharatanatyam Dancer Barred from Performing in Kerala Temple,0.137,0.0,0.863,-0.2263
"Maharashtra Power Crisis: Next 2 Days Crucial as State Didn't Get Enough Coal Supply, Says Minister",0.227,0.0,0.773,-0.6249
"NIA Conducts Searches in 2021 Ludhiana Court Blast Case, Incriminating Documents Seized",0.0,0.0,1.0,0.0
"Another Witness Turns Hostile in Malegaon Blast Trial, 20th So Far",0.206,0.0,0.794,-0.3818
"Ukraine Crisis Could Figure in Prez Kovind's Talks in Netherlands, He Will Convey India's Stand: MEA",0.215,0.0,0.785,-0.6249
‘Economic Jihad’: Call for Halal Meat Ban in Karnataka Ahead of Ugadi Festival Sparks Row,0.182,0.162,0.657,-0.1027
Delhi HC Stays Centre's Order on Reallocation of Thermal Power to Haryana,0.0,0.0,1.0,0.0
"Europe Situation Raised Questions on Stability of Int’l Order, Need Focus on Regional Security: PM at BIMSTEC",0.0,0.13,0.87,0.34
"Cross Dissolve: Govt Sets in Motion Merger of Film Bodies, I&B Ministry Issues Integration Orders",0.0,0.0,1.0,0.0
PM-led CCS Approves Procurement of 15 Light Combat Helicopters,0.198,0.223,0.579,0.0772
"Andhra Pradesh: 3-month-old Baby Girl Sold Seven Times; 11 Accused, Including Father, Held",0.155,0.0,0.845,-0.296
MCD Reunification Bill Passed in Lok Sabha; Know What it Proposes & History of Delhi Civic Bodies,0.0,0.0,1.0,0.0
"Liquor Shops to Come Up in Special Zones in Kerala IT Parks, Strict Conditions for Licences",0.0,0.153,0.847,0.4019
"Amit Shah-led High-level Committee Approves Rs 1,887 Cr to 5 Calamity-hit States",0.0,0.213,0.787,0.4019
Guntur Woman Alleges Doctors Swindled Rs 1.20 Lakh for Fake Surgery After Stomach Pain,0.348,0.0,0.652,-0.7506
Fire at Delhi's Ghazipur Dumping Yard Doused After Over 50 Hours,0.343,0.0,0.657,-0.5719
"Heatwave in Parts of West Bengal Over Next 2 Days, Mercury Touches 40 Degrees",0.0,0.0,1.0,0.0
Speeding SUV Mows Down Pedestrian in Central Delhi's Janpath; Accused Held | WATCH,0.167,0.0,0.833,-0.296
Nun Files Appeal in Kerala HC Against Bishop Franco Mulakkal's Acquittal in Rape Case,0.266,0.0,0.734,-0.6908
‘Don't Harass Innocent Doctors’: Rajasthan Medic's Last Words Before Killing Self Over FIR for Patient’s Death,0.414,0.105,0.481,-0.8275
